{"cameraMode":{"drawMode":0,"name":"Shaded","section":"Shading Mode"},"sceneLighting":true,"audioPlay":false,"sceneViewState":{"showFog":true,"showMaterialUpdate":false,"showSkybox":true,"showFlares":true,"showImageEffects":true,"showParticleSystems":true},"in2DMode":false,"pivot":{"x":-1.3743906021118165,"y":1.6844303607940674,"z":-2.9102935791015627},"rotation":{"x":0.22111709415912629,"y":0.6316676735877991,"z":-0.19436080753803254,"w":0.7172281742095947},"size":0.8154289126396179,"orthographic":false}