{"cameraMode":{"drawMode":0,"name":"Shaded","section":"Shading Mode"},"sceneLighting":true,"audioPlay":false,"sceneViewState":{"showFog":true,"showMaterialUpdate":false,"showSkybox":true,"showFlares":true,"showImageEffects":true,"showParticleSystems":true},"in2DMode":false,"pivot":{"x":-0.15446162223815919,"y":2.9875450134277345,"z":-0.42533910274505618},"rotation":{"x":-0.5856289863586426,"y":0.3657824397087097,"z":-0.33397647738456728,"w":-0.6416871547698975},"size":4.24523401260376,"orthographic":false}