{"cameraMode":{"drawMode":0,"name":"Shaded","section":"Shading Mode"},"sceneLighting":true,"audioPlay":false,"sceneViewState":{"showFog":true,"showMaterialUpdate":false,"showSkybox":true,"showFlares":true,"showImageEffects":true,"showParticleSystems":true},"in2DMode":false,"pivot":{"x":2.0721895694732668,"y":1.6054110527038575,"z":0.7769303321838379},"rotation":{"x":-0.03984842449426651,"y":0.884349524974823,"z":0.07687078416347504,"w":0.4587900936603546},"size":2.6302754878997804,"orthographic":false}