{"cameraMode":{"drawMode":0,"name":"Shaded","section":"Shading Mode"},"sceneLighting":true,"audioPlay":false,"sceneViewState":{"showFog":true,"showMaterialUpdate":false,"showSkybox":true,"showFlares":true,"showImageEffects":true,"showParticleSystems":true},"in2DMode":false,"pivot":{"x":371.1361083984375,"y":308.7149658203125,"z":27.079742431640626},"rotation":{"x":0.0018170851981267334,"y":0.042457789182662967,"z":0.00014879043737892061,"w":0.9991385340690613},"size":340.15625,"orthographic":false}