{"cameraMode":{"drawMode":0,"name":"Shaded","section":"Shading Mode"},"sceneLighting":true,"audioPlay":false,"sceneViewState":{"showFog":true,"showMaterialUpdate":false,"showSkybox":true,"showFlares":true,"showImageEffects":true,"showParticleSystems":true},"in2DMode":false,"pivot":{"x":-0.4181218147277832,"y":0.9909893274307251,"z":0.7425485849380493},"rotation":{"x":-0.02993549033999443,"y":0.7434163689613342,"z":-0.033998217433691028,"w":-0.6673905849456787},"size":3.754215955734253,"orthographic":false}