{"cameraMode":{"drawMode":0,"name":"Shaded","section":"Shading Mode"},"sceneLighting":true,"audioPlay":false,"sceneViewState":{"showFog":true,"showMaterialUpdate":false,"showSkybox":true,"showFlares":true,"showImageEffects":true,"showParticleSystems":true},"in2DMode":false,"pivot":{"x":5.521955490112305,"y":-0.7069311141967773,"z":-96.16840362548828},"rotation":{"x":0.27170634269714358,"y":-0.6999694108963013,"z":0.5695182681083679,"w":0.33463767170906069},"size":5.482253551483154,"orthographic":false}