{"cameraMode":{"drawMode":0,"name":"Shaded","section":"Shading Mode"},"sceneLighting":true,"audioPlay":false,"sceneViewState":{"showFog":true,"showMaterialUpdate":false,"showSkybox":true,"showFlares":true,"showImageEffects":true,"showParticleSystems":true},"in2DMode":false,"pivot":{"x":-4.556245803833008,"y":-37.36311340332031,"z":-5.192989349365234},"rotation":{"x":-0.07123199105262757,"y":-0.8458448648452759,"z":0.11630829423666,"w":-0.5157671570777893},"size":132.3865966796875,"orthographic":false}