{"cameraMode":{"drawMode":0,"name":"Shaded","section":"Shading Mode"},"sceneLighting":true,"audioPlay":false,"sceneViewState":{"showFog":true,"showMaterialUpdate":false,"showSkybox":true,"showFlares":true,"showImageEffects":true,"showParticleSystems":true},"in2DMode":false,"pivot":{"x":-1.9943633079528809,"y":0.05915188789367676,"z":2.522794723510742},"rotation":{"x":0.22373510897159577,"y":-0.6451770663261414,"z":0.20643186569213868,"w":0.700855553150177},"size":5.965815544128418,"orthographic":false}