{"cameraMode":{"drawMode":0,"name":"Shaded","section":"Shading Mode"},"sceneLighting":true,"audioPlay":false,"sceneViewState":{"showFog":true,"showMaterialUpdate":false,"showSkybox":true,"showFlares":true,"showImageEffects":true,"showParticleSystems":true},"in2DMode":false,"pivot":{"x":-0.7841129302978516,"y":1.336749792098999,"z":0.4658333957195282},"rotation":{"x":-0.004265887662768364,"y":-0.6659595966339111,"z":-0.0037677257787436249,"w":0.746006429195404},"size":3.1833670139312746,"orthographic":false}